[
  {
    "FirstName": "John",
    "LastName": "Gizis"
  },
  {
    "FirstName": "David",
    "LastName": "Monet"
  },
  {
    "FirstName": "James",
    "LastName": "Liebert"
  },
  {
    "FirstName": "Michael",
    "LastName": "Gillon"
  },
  {
    "FirstName": "Tom Gehrels"
  },
  {
    "FirstName": "Amaury",
    "LastName": "Triaud"
  },
  {
    "FirstName": "Eric",
    "LastName": "Agol"
  },
  {
    "FirstName": "Robert",
    "LastName": "Innes"
  },
  {
    "FirstName": "Joan",
    "LastName": "Voute"
  },
  {
    "FirstName": "Pedro",
    "LastName": "Amado"
  },
  {
    "FirstName": "John",
    "LastName": "Barnes"
  },
  {
    "FirstName": "Zaira",
    "LastName": "Berdinos"
  },
  {
    "FirstName": "Jean",
    "LastName": "Richaud"
  },
  {
    "FirstName": "Nicolas",
    "LastName": "de Lacaille"
  },
  {
    "FirstName": "Max",
    "LastName": "Wolf"
  },
  {
    "FirstName": "Duncan",
    "LastName": "Wright"
  },
  {
    "FirstName": "Jinglin",
    "LastName": "Zhao"
  },
  {
    "FirstName": "Veselin",
    "LastName": "Kostov"
  },
  {
    "FirstName": "Peter",
    "LastName": "McCollough"
  },
  {
    "FirstName": "Joshua",
    "LastName": "Carter"
  }
]