<?xml version="1.0" encoding="utf-8"?>
<Discoveries>
  <Discovery DateMade="2000-04-26" Telescope="TRAPPIST" StarSystem="Trappist-1">
    <Stars>
      <Star Temperature="2550">Trappist-1</Star>
    </Stars>
    <Planets />
    <Pioneers>
      <Astronomer>Gizis, John</Astronomer>
      <Astronomer>Monet, David</Astronomer>
      <Astronomer>Liebert, James</Astronomer>
    </Pioneers>
    <Observers />
  </Discovery>
  <Discovery DateMade="2016-05-02" Telescope="TRAPPIST" StarSystem="Trappist-1">
    <Stars />
    <Planets>
      <Planet Mass="0.85">Trappist-1 b</Planet>
      <Planet Mass="1.38">Trappist-1 c</Planet>
    </Planets>
    <Pioneers>
      <Astronomer>Gillon, Michael</Astronomer>
      <Astronomer>Triaud, Amaury</Astronomer>
      <Astronomer>Agol, Eric</Astronomer>
    </Pioneers>
    <Observers />
  </Discovery>
  <Discovery DateMade="2009-12-18" Telescope="Fusion Camera System" StarSystem="Alpha Centauri">
    <Stars />
    <Planets>
	  <Planet Mass="73">Polyphemus</Planet>
      <Planet Mass="0.7">Pandora</Planet>
    </Planets>
    <Pioneers>
      <Astronomer>Cameron, James</Astronomer>
    </Pioneers>
    <Observers />
  </Discovery>
  <Discovery DateMade="1915-10-12" Telescope="Union Observatory" StarSystem="Alpha Centauri">
    <Stars>
      <Star Temperature="3042">Proxima Centauri</Star>
    </Stars>
    <Planets />
    <Pioneers>
      <Astronomer>Innes, Robert</Astronomer>
    </Pioneers>
    <Observers>
      <Astronomer>Voute, Joan</Astronomer>
    </Observers>
  </Discovery>
  <Discovery DateMade="2016-08-25" Telescope="European Southern Observatory" StarSystem="Alpha Centauri">
    <Stars />
    <Planets>
      <Planet Mass="1.27">Proxima Centauri b</Planet>
    </Planets>
    <Pioneers>
      <Astronomer>Amado, Pedro</Astronomer>
      <Astronomer>Barnes, John</Astronomer>
      <Astronomer>Berdinos, Zaira</Astronomer>
    </Pioneers>
    <Observers />
  </Discovery>
  <Discovery DateMade="1689-12-01" Telescope="Puducherry" StarSystem="Alpha Centauri">
    <Stars>
      <Star Temperature="5790">Rigil Kentaurus</Star>
      <Star Temperature="5260">Alpha Centauri B</Star>
    </Stars>
    <Planets />
    <Pioneers>
      <Astronomer>Richaud, Jean</Astronomer>
    </Pioneers>
    <Observers>
      <Astronomer>de Lacaille, Nicolas</Astronomer>
    </Observers>
  </Discovery>
  <Discovery DateMade="1919-01-01" Telescope="Heidelberg-Koenigstuhl State Observatory" StarSystem="Wolf 1061">
    <Stars>
      <Star Temperature="3305">Wolf 1061</Star>
    </Stars>
    <Planets />
    <Pioneers>
      <Astronomer>Wolf, Max</Astronomer>
    </Pioneers>
    <Observers />
  </Discovery>
  <Discovery DateMade="2015-12-17" Telescope="La Silla" StarSystem="Wolf 1061">
    <Stars />
    <Planets>
      <Planet Mass="4.3">Wolf 1061 c</Planet>
    </Planets>
    <Pioneers>
      <Astronomer>Wright, Duncan</Astronomer>
      <Astronomer>Zhao, Jinglin</Astronomer>
    </Pioneers>
    <Observers />
  </Discovery>
  <Discovery DateMade="2014-01-28" Telescope="Kepler" StarSystem="Kepler-413">
    <Stars>
      <Star Temperature="4700">Kepler-413A</Star>
      <Star Temperature="3590">Kepler-413B</Star>
    </Stars>
    <Planets>
      <Planet Mass="67">Kepler-413 (AB)b</Planet>
    </Planets>
    <Pioneers>
      <Astronomer>Kostov, Veselin</Astronomer>
      <Astronomer>McCollough, Peter</Astronomer>
      <Astronomer>Carter, Joshua</Astronomer>
    </Pioneers>
    <Observers />
  </Discovery>
</Discoveries>