<?xml version="1.0" encoding="utf-8"?>
<Stars>
  <Star>
    <Name>Trappist-1</Name>
    <Temperature>2550</Temperature>
    <StarSystem>Trappist-1</StarSystem>
    <DiscoveryInfo DiscoveryDate="2000-04-26" TelescopeName="TRAPPIST">
      <Astronomer Pioneer="true">David Monet</Astronomer>
      <Astronomer Pioneer="true">James Liebert</Astronomer>
      <Astronomer Pioneer="true">John Gizis</Astronomer>
    </DiscoveryInfo>
  </Star>
  <Star>
    <Name>Proxima Centauri</Name>
    <Temperature>3042</Temperature>
    <StarSystem>Alpha Centauri</StarSystem>
    <DiscoveryInfo DiscoveryDate="1915-10-12" TelescopeName="Union Observatory">
      <Astronomer Pioneer="false">Joan Voute</Astronomer>
      <Astronomer Pioneer="true">Robert Innes</Astronomer>
    </DiscoveryInfo>
  </Star>
  <Star>
    <Name>Rigil Kentaurus</Name>
    <Temperature>5790</Temperature>
    <StarSystem>Alpha Centauri</StarSystem>
    <DiscoveryInfo DiscoveryDate="1689-12-01" TelescopeName="Puducherry">
      <Astronomer Pioneer="true">Jean Richaud</Astronomer>
      <Astronomer Pioneer="false">Nicolas de Lacaille</Astronomer>
    </DiscoveryInfo>
  </Star>
  <Star>
    <Name>Alpha Centauri B</Name>
    <Temperature>5260</Temperature>
    <StarSystem>Alpha Centauri</StarSystem>
    <DiscoveryInfo DiscoveryDate="1689-12-01" TelescopeName="Puducherry">
      <Astronomer Pioneer="true">Jean Richaud</Astronomer>
      <Astronomer Pioneer="false">Nicolas de Lacaille</Astronomer>
    </DiscoveryInfo>
  </Star>
  <Star>
    <Name>Wolf 1061</Name>
    <Temperature>3305</Temperature>
    <StarSystem>Wolf 1061</StarSystem>
    <DiscoveryInfo DiscoveryDate="1919-01-01" TelescopeName="Heidelberg-Koenigstuhl State Observatory">
      <Astronomer Pioneer="true">Max Wolf</Astronomer>
    </DiscoveryInfo>
  </Star>
  <Star>
    <Name>Kepler-413A</Name>
    <Temperature>4700</Temperature>
    <StarSystem>Kepler-413</StarSystem>
    <DiscoveryInfo DiscoveryDate="2014-01-28" TelescopeName="Kepler">
      <Astronomer Pioneer="true">Joshua Carter</Astronomer>
      <Astronomer Pioneer="true">Peter McCollough</Astronomer>
      <Astronomer Pioneer="true">Veselin Kostov</Astronomer>
    </DiscoveryInfo>
  </Star>
  <Star>
    <Name>Kepler-413B</Name>
    <Temperature>3590</Temperature>
    <StarSystem>Kepler-413</StarSystem>
    <DiscoveryInfo DiscoveryDate="2014-01-28" TelescopeName="Kepler">
      <Astronomer Pioneer="true">Joshua Carter</Astronomer>
      <Astronomer Pioneer="true">Peter McCollough</Astronomer>
      <Astronomer Pioneer="true">Veselin Kostov</Astronomer>
    </DiscoveryInfo>
  </Star>
</Stars>