<?xml version='1.0' encoding='UTF-8'?>
<users>
  <user>
    <username>ecampbell0</username>
    <password>bWctbFWav1A</password>
    <first-name>Evelyn</first-name>
    <last-name>Campbell</last-name>
    <age>16</age>
    <gender>male</gender>
  </user>
  <user>
    <username>harmstrong1</username>
    <password>Ahy4zM1A</password>
    <first-name>Heather</first-name>
    <last-name>Armstrong</last-name>
    <age>94</age>
    <gender>male</gender>
  </user>
  <user>
    <username>jmyers2</username>
    <password>V2248x4Q1A</password>
    <first-name>Jack</first-name>
    <last-name>Myers</last-name>
    <age>28</age>
    <gender>female</gender>
  </user>
  <user>
    <username>cburns3</username>
    <password>qDTHMMkf8zU71A</password>
    <first-name>Chris</first-name>
    <last-name>Burns</last-name>
    <age>86</age>
    <gender>male</gender>
  </user>
  <user>
    <username>driley4</username>
    <password>AFQu1n1A</password>
    <first-name>Diane</first-name>
    <last-name>Riley</last-name>
    <age>25</age>
    <gender>female</gender>
  </user>
  <user>
    <username>smurray5</username>
    <password>cCwOUi3s9ls1A</password>
    <first-name>Steven</first-name>
    <last-name>Murray</last-name>
    <age>90</age>
    <gender>female</gender>
  </user>
  <user>
    <username>amendoza6</username>
    <password>lKAWco1A</password>
    <first-name>Anthony</first-name>
    <last-name>Mendoza</last-name>
    <age>43</age>
    <gender>female</gender>
  </user>
  <user>
    <username>pmcdonald7</username>
    <password>bkVXK1sXUk1A</password>
    <first-name>Philip</first-name>
    <last-name>Mcdonald</last-name>
    <age>63</age>
    <gender>male</gender>
  </user>
  <user>
    <username>cschmidt8</username>
    <password>AC60Ofox1A</password>
    <first-name>Clarence</first-name>
    <last-name>Schmidt</last-name>
    <age>64</age>
    <gender>female</gender>
  </user>
  <user>
    <username>dhayes9</username>
    <password>iB8l9KycBj1A</password>
    <first-name>Diane</first-name>
    <last-name>Hayes</last-name>
    <age>51</age>
    <gender>male</gender>
  </user>
  <user>
    <username>dperrya</username>
    <password>WDJ9j9aPQuGw1A</password>
    <first-name>Dorothy</first-name>
    <last-name>Perry</last-name>
    <age>23</age>
    <gender>female</gender>
  </user>
  <user>
    <username>dgrahamb</username>
    <password>8tUevBKAdT1A</password>
    <first-name>Diana</first-name>
    <last-name>Graham</last-name>
    <age>88</age>
    <gender>male</gender>
  </user>
  <user>
    <username>dryanc</username>
    <password>gjTrfXUc3Q1A</password>
    <first-name>Daniel</first-name>
    <last-name>Ryan</last-name>
    <age>35</age>
    <gender>male</gender>
  </user>
  <user>
    <username>rturnerd</username>
    <password>Z1Tg6SO2g8Ub1A</password>
    <first-name>Ronald</first-name>
    <last-name>Turner</last-name>
    <age>85</age>
    <gender>female</gender>
  </user>
  <user>
    <username>dshawe</username>
    <password>XwbTIhohXVOr1A</password>
    <first-name>Diane</first-name>
    <last-name>Shaw</last-name>
    <age>19</age>
    <gender>female</gender>
  </user>
  <user>
    <username>jcarrollf</username>
    <password>SLy3UyJBZzEd1A</password>
    <first-name>Jeffrey</first-name>
    <last-name>Carroll</last-name>
    <age>35</age>
    <gender>female</gender>
  </user>
  <user>
    <username>whernandezg</username>
    <password>5CjAs3z5iY1A</password>
    <first-name>Walter</first-name>
    <last-name>Hernandez</last-name>
    <age>85</age>
    <gender>male</gender>
  </user>
  <user>
    <username>dortizh</username>
    <password>4NthPdIPyueg1A</password>
    <first-name>Denise</first-name>
    <last-name>Ortiz</last-name>
    <age>53</age>
    <gender>male</gender>
  </user>
  <user>
    <username>goliveri</username>
    <password>fNn2iYO201A</password>
    <first-name>Gloria</first-name>
    <last-name>Oliver</last-name>
    <age>49</age>
    <gender>female</gender>
  </user>
  <user>
    <username>wmedinaj</username>
    <password>cb6RZex8v1A</password>
    <first-name>Walter</first-name>
    <last-name>Medina</last-name>
    <age>46</age>
    <gender>female</gender>
  </user>
  <user>
    <username>ssanchezk</username>
    <password>YvdkX8R821A</password>
    <first-name>Sharon</first-name>
    <last-name>Sanchez</last-name>
    <age>50</age>
    <gender>female</gender>
  </user>
  <user>
    <username>bhughesl</username>
    <password>SMZkQ4FBabX1A</password>
    <first-name>Brenda</first-name>
    <last-name>Hughes</last-name>
    <age>21</age>
    <gender>female</gender>
  </user>
  <user>
    <username>ekennedym</username>
    <password>Z0xuZIFQ5PI1A</password>
    <first-name>Edward</first-name>
    <last-name>Kennedy</last-name>
    <age>54</age>
    <gender>male</gender>
  </user>
  <user>
    <username>dmendozan</username>
    <password>o0A6oeN1A</password>
    <first-name>Dorothy</first-name>
    <last-name>Mendoza</last-name>
    <age>79</age>
    <gender>female</gender>
  </user>
  <user>
    <username>briceo</username>
    <password>jqLM9CfJFbR1A</password>
    <first-name>Betty</first-name>
    <last-name>Rice</last-name>
    <age>36</age>
    <gender>male</gender>
  </user>
  <user>
    <username>kstonep</username>
    <password>ABvf6g9BA51A</password>
    <first-name>Kenneth</first-name>
    <last-name>Stone</last-name>
    <age>84</age>
    <gender>female</gender>
  </user>
  <user>
    <username>phawkinsq</username>
    <password>BpIbgdc1A</password>
    <first-name>Philip</first-name>
    <last-name>Hawkins</last-name>
    <age>49</age>
    <gender>male</gender>
  </user>
  <user>
    <username>hcookr</username>
    <password>dG9uOi1A</password>
    <first-name>Heather</first-name>
    <last-name>Cook</last-name>
    <age>29</age>
    <gender>male</gender>
  </user>
  <user>
    <username>lpeterss</username>
    <password>iqzY3Cddb1A</password>
    <first-name>Lois</first-name>
    <last-name>Peters</last-name>
    <age>66</age>
    <gender>female</gender>
  </user>
  <user>
    <username>aholmest</username>
    <password>VEXKx9DWSImd1A</password>
    <first-name>Arthur</first-name>
    <last-name>Holmes</last-name>
    <age>54</age>
    <gender>female</gender>
  </user>
  <user>
    <username>gnelsonu</username>
    <password>X6I28c0vgea31A</password>
    <first-name>Gregory</first-name>
    <last-name>Nelson</last-name>
    <age>38</age>
    <gender>female</gender>
  </user>
  <user>
    <username>agrayv</username>
    <password>Vk7u1LZo5TI1A</password>
    <first-name>Aaron</first-name>
    <last-name>Gray</last-name>
    <age>17</age>
    <gender>female</gender>
  </user>
  <user>
    <username>lmyersw</username>
    <password>1Q1v7s4i1A</password>
    <first-name>Louis</first-name>
    <last-name>Myers</last-name>
    <age>93</age>
    <gender>female</gender>
  </user>
  <user>
    <username>crussellx</username>
    <password>xH0xu36kc1A</password>
    <first-name>Christopher</first-name>
    <last-name>Russell</last-name>
    <age>21</age>
    <gender>male</gender>
  </user>
  <user>
    <username>candersony</username>
    <password>6A9XRRIsSi1A</password>
    <first-name>Charles</first-name>
    <last-name>Anderson</last-name>
    <age>39</age>
    <gender>male</gender>
  </user>
  <user>
    <username>jcolemanz</username>
    <password>sEIehG0PzD1A</password>
    <first-name>Joan</first-name>
    <last-name>Coleman</last-name>
    <age>25</age>
    <gender>female</gender>
  </user>
  <user>
    <username>jfranklin10</username>
    <password>by3PP1e21A</password>
    <first-name>Judith</first-name>
    <last-name>Franklin</last-name>
    <age>75</age>
    <gender>male</gender>
  </user>
  <user>
    <username>jchavez11</username>
    <password>lDyPfSJIBM1A</password>
    <first-name>Jerry</first-name>
    <last-name>Chavez</last-name>
    <age>49</age>
    <gender>male</gender>
  </user>
  <user>
    <username>tjames12</username>
    <password>zXu2ChI1A</password>
    <first-name>Teresa</first-name>
    <last-name>James</last-name>
    <age>54</age>
    <gender>male</gender>
  </user>
  <user>
    <username>jperez13</username>
    <password>be29lM7Ro41A</password>
    <first-name>Juan</first-name>
    <last-name>Perez</last-name>
    <age>53</age>
    <gender>female</gender>
  </user>
  <user>
    <username>jburns14</username>
    <password>LUffNxUWV1A</password>
    <first-name>Justin</first-name>
    <last-name>Burns</last-name>
    <age>78</age>
    <gender>female</gender>
  </user>
  <user>
    <username>aarnold15</username>
    <password>O4mq07xS56d1A</password>
    <first-name>Andrea</first-name>
    <last-name>Arnold</last-name>
    <age>81</age>
    <gender>female</gender>
  </user>
  <user>
    <username>jsims16</username>
    <password>iO2nbJzcw6dV1A</password>
    <first-name>Julia</first-name>
    <last-name>Sims</last-name>
    <age>81</age>
    <gender>male</gender>
  </user>
  <user>
    <username>mhayes17</username>
    <password>ADQzcu55fK1A</password>
    <first-name>Maria</first-name>
    <last-name>Hayes</last-name>
    <age>46</age>
    <gender>male</gender>
  </user>
  <user>
    <username>rpierce18</username>
    <password>YM2Uh7TUmgNI1A</password>
    <first-name>Ronald</first-name>
    <last-name>Pierce</last-name>
    <age>73</age>
    <gender>female</gender>
  </user>
  <user>
    <username>vfisher19</username>
    <password>MnP0JefZQ1A</password>
    <first-name>Victor</first-name>
    <last-name>Fisher</last-name>
    <age>73</age>
    <gender>male</gender>
  </user>
  <user>
    <username>jgarrett1a</username>
    <password>ZmU1Az5iG1A</password>
    <first-name>Jose</first-name>
    <last-name>Garrett</last-name>
    <age>51</age>
    <gender>female</gender>
  </user>
  <user>
    <username>schavez1b</username>
    <password>Q0xbB31A</password>
    <first-name>Shirley</first-name>
    <last-name>Chavez</last-name>
    <age>36</age>
    <gender>female</gender>
  </user>
  <user>
    <username>jramos1c</username>
    <password>FDswu41A</password>
    <first-name>Judith</first-name>
    <last-name>Ramos</last-name>
    <age>46</age>
    <gender>male</gender>
  </user>
  <user>
    <username>fsimpson1d</username>
    <password>cdXePU1A</password>
    <first-name>Frank</first-name>
    <last-name>Simpson</last-name>
    <age>29</age>
    <gender>male</gender>
  </user>
  <user>
    <username>hsullivan1e</username>
    <password>U0YNkU1A</password>
    <first-name>Heather</first-name>
    <last-name>Sullivan</last-name>
    <age>55</age>
    <gender>male</gender>
  </user>
  <user>
    <username>bgraham1f</username>
    <password>5mXRp61A</password>
    <first-name>Betty</first-name>
    <last-name>Graham</last-name>
    <age>30</age>
    <gender>male</gender>
  </user>
  <user>
    <username>sriley1g</username>
    <password>PTDBEgUWgA1A</password>
    <first-name>Susan</first-name>
    <last-name>Riley</last-name>
    <age>16</age>
    <gender>male</gender>
  </user>
  <user>
    <username>nburton1h</username>
    <password>SRwHgi4zp4191A</password>
    <first-name>Nancy</first-name>
    <last-name>Burton</last-name>
    <age>16</age>
    <gender>male</gender>
  </user>
  <user>
    <username>apierce1i</username>
    <password>rVhB6Adm1A</password>
    <first-name>Anthony</first-name>
    <last-name>Pierce</last-name>
    <age>58</age>
    <gender>female</gender>
  </user>
  <user>
    <username>areyes1j</username>
    <password>lHYmHJ31A</password>
    <first-name>Andrea</first-name>
    <last-name>Reyes</last-name>
    <age>87</age>
    <gender>male</gender>
  </user>
  <user>
    <username>egarcia1k</username>
    <password>33SUqgctx9he1A</password>
    <first-name>Emily</first-name>
    <last-name>Garcia</last-name>
    <age>28</age>
    <gender>male</gender>
  </user>
  <user>
    <username>njackson1l</username>
    <password>wgZ165uN1A</password>
    <first-name>Nancy</first-name>
    <last-name>Jackson</last-name>
    <age>52</age>
    <gender>male</gender>
  </user>
  <user>
    <username>jellis1m</username>
    <password>fjR9ZY2sN1A</password>
    <first-name>Julie</first-name>
    <last-name>Ellis</last-name>
    <age>19</age>
    <gender>female</gender>
  </user>
  <user>
    <username>acarr1n</username>
    <password>WtSg8GM83vm1A</password>
    <first-name>Anthony</first-name>
    <last-name>Carr</last-name>
    <age>47</age>
    <gender>female</gender>
  </user>
  <user>
    <username>aburns1o</username>
    <password>zVtSSXulSUT1A</password>
    <first-name>Antonio</first-name>
    <last-name>Burns</last-name>
    <age>17</age>
    <gender>female</gender>
  </user>
  <user>
    <username>gharvey1p</username>
    <password>iPg5hEASFOZL1A</password>
    <first-name>Gary</first-name>
    <last-name>Harvey</last-name>
    <age>31</age>
    <gender>female</gender>
  </user>
  <user>
    <username>agarza1q</username>
    <password>bgfTguCzK1EQ1A</password>
    <first-name>Alan</first-name>
    <last-name>Garza</last-name>
    <age>73</age>
    <gender>female</gender>
  </user>
  <user>
    <username>jwillis1r</username>
    <password>cQctc3gZuY7P1A</password>
    <first-name>John</first-name>
    <last-name>Willis</last-name>
    <age>56</age>
    <gender>male</gender>
  </user>
  <user>
    <username>greyes1s</username>
    <password>JffLJ6t8mChb1A</password>
    <first-name>Gloria</first-name>
    <last-name>Reyes</last-name>
    <age>52</age>
    <gender>male</gender>
  </user>
  <user>
    <username>banderson1t</username>
    <password>fGYcL71A</password>
    <first-name>Bonnie</first-name>
    <last-name>Anderson</last-name>
    <age>23</age>
    <gender>female</gender>
  </user>
  <user>
    <username>krobertson1u</username>
    <password>dbtWYZhaS81A</password>
    <first-name>Kevin</first-name>
    <last-name>Robertson</last-name>
    <age>62</age>
    <gender>male</gender>
  </user>
  <user>
    <username>ebrooks1v</username>
    <password>C8RHtG7h1A</password>
    <first-name>Elizabeth</first-name>
    <last-name>Brooks</last-name>
    <age>79</age>
    <gender>female</gender>
  </user>
  <user>
    <username>eshaw1w</username>
    <password>iJKaVpF1A</password>
    <first-name>Ernest</first-name>
    <last-name>Shaw</last-name>
    <age>82</age>
    <gender>male</gender>
  </user>
  <user>
    <username>asims1x</username>
    <password>dv2i7R9tki1A</password>
    <first-name>Alice</first-name>
    <last-name>Sims</last-name>
    <age>93</age>
    <gender>male</gender>
  </user>
  <user>
    <username>clynch1y</username>
    <password>Irh14NM8ppm1A</password>
    <first-name>Christina</first-name>
    <last-name>Lynch</last-name>
    <age>70</age>
    <gender>female</gender>
  </user>
  <user>
    <username>cmcdonald1z</username>
    <password>jlUlob1A</password>
    <first-name>Carl</first-name>
    <last-name>Mcdonald</last-name>
    <age>82</age>
    <gender>female</gender>
  </user>
  <user>
    <username>cmorrison20</username>
    <password>rB0JFjDcVU1A</password>
    <first-name>Carl</first-name>
    <last-name>Morrison</last-name>
    <age>28</age>
    <gender>male</gender>
  </user>
  <user>
    <username>jtorres21</username>
    <password>dub7HG1A</password>
    <first-name>Juan</first-name>
    <last-name>Torres</last-name>
    <age>20</age>
    <gender>male</gender>
  </user>
  <user>
    <username>ngriffin22</username>
    <password>yuBKXHy85KKe1A</password>
    <first-name>Nicole</first-name>
    <last-name>Griffin</last-name>
    <age>36</age>
    <gender>female</gender>
  </user>
  <user>
    <username>fhunt23</username>
    <password>4PlRhariK1A</password>
    <first-name>Frances</first-name>
    <last-name>Hunt</last-name>
    <age>92</age>
    <gender>female</gender>
  </user>
  <user>
    <username>bgreen24</username>
    <password>zplyznzjtG1A</password>
    <first-name>Brenda</first-name>
    <last-name>Green</last-name>
    <age>81</age>
    <gender>female</gender>
  </user>
  <user>
    <username>bharris25</username>
    <password>SJfaaJ1A</password>
    <first-name>Bobby</first-name>
    <last-name>Harris</last-name>
    <age>92</age>
    <gender>female</gender>
  </user>
  <user>
    <username>tbishop26</username>
    <password>YqWU0X2W41A</password>
    <first-name>Todd</first-name>
    <last-name>Bishop</last-name>
    <age>70</age>
    <gender>male</gender>
  </user>
  <user>
    <username>akim27</username>
    <password>E3Tl8SZwU1A</password>
    <first-name>Angela</first-name>
    <last-name>Kim</last-name>
    <age>16</age>
    <gender>female</gender>
  </user>
  <user>
    <username>lkelley28</username>
    <password>kaB4S31A</password>
    <first-name>Larry</first-name>
    <last-name>Kelley</last-name>
    <age>31</age>
    <gender>female</gender>
  </user>
  <user>
    <username>nbryant29</username>
    <password>dWcep2GPqC1A</password>
    <first-name>Norma</first-name>
    <last-name>Bryant</last-name>
    <age>19</age>
    <gender>female</gender>
  </user>
  <user>
    <username>jjackson2a</username>
    <password>pote7c1A</password>
    <first-name>Julia</first-name>
    <last-name>Jackson</last-name>
    <age>77</age>
    <gender>female</gender>
  </user>
  <user>
    <username>kromero2b</username>
    <password>wPHG3t1A</password>
    <first-name>Kathleen</first-name>
    <last-name>Romero</last-name>
    <age>31</age>
    <gender>female</gender>
  </user>
  <user>
    <username>ahunt2c</username>
    <password>l9w71c1A</password>
    <first-name>Anthony</first-name>
    <last-name>Hunt</last-name>
    <age>21</age>
    <gender>male</gender>
  </user>
  <user>
    <username>hcook2d</username>
    <password>mvDHu6UX22s1A</password>
    <first-name>Howard</first-name>
    <last-name>Cook</last-name>
    <age>26</age>
    <gender>female</gender>
  </user>
  <user>
    <username>rmoreno2e</username>
    <password>q1BBwoDueaKC1A</password>
    <first-name>Rachel</first-name>
    <last-name>Moreno</last-name>
    <age>44</age>
    <gender>female</gender>
  </user>
  <user>
    <username>sphillips2f</username>
    <password>gV80FBB81A</password>
    <first-name>Susan</first-name>
    <last-name>Phillips</last-name>
    <age>41</age>
    <gender>female</gender>
  </user>
  <user>
    <username>kmoreno2g</username>
    <password>rMwIxVbit1A</password>
    <first-name>Kenneth</first-name>
    <last-name>Moreno</last-name>
    <age>54</age>
    <gender>male</gender>
  </user>
  <user>
    <username>jward2h</username>
    <password>rvQ3O09sDT1A</password>
    <first-name>Joshua</first-name>
    <last-name>Ward</last-name>
    <age>55</age>
    <gender>male</gender>
  </user>
  <user>
    <username>emartin2i</username>
    <password>9nLFZleNxF8u1A</password>
    <first-name>Evelyn</first-name>
    <last-name>Martin</last-name>
    <age>18</age>
    <gender>female</gender>
  </user>
  <user>
    <username>rmendoza2j</username>
    <password>jooQr9kqH1A</password>
    <first-name>Ruby</first-name>
    <last-name>Mendoza</last-name>
    <age>66</age>
    <gender>male</gender>
  </user>
  <user>
    <username>jhughes2k</username>
    <password>qTDNeFBcu1A</password>
    <first-name>Judith</first-name>
    <last-name>Hughes</last-name>
    <age>15</age>
    <gender>male</gender>
  </user>
  <user>
    <username>rhamilton2l</username>
    <password>BdeyndEgh9WD1A</password>
    <first-name>Ronald</first-name>
    <last-name>Hamilton</last-name>
    <age>20</age>
    <gender>female</gender>
  </user>
  <user>
    <username>ttaylor2m</username>
    <password>L3LkkP1A</password>
    <first-name>Tammy</first-name>
    <last-name>Taylor</last-name>
    <age>45</age>
    <gender>male</gender>
  </user>
  <user>
    <username>jaustin2n</username>
    <password>qlpCYT0TsK511A</password>
    <first-name>Jimmy</first-name>
    <last-name>Austin</last-name>
    <age>94</age>
    <gender>male</gender>
  </user>
  <user>
    <username>tmontgomery2o</username>
    <password>iPTMsHwCv1A</password>
    <first-name>Teresa</first-name>
    <last-name>Montgomery</last-name>
    <age>19</age>
    <gender>male</gender>
  </user>
  <user>
    <username>rmcdonald2p</username>
    <password>ItQDpyXgfyok1A</password>
    <first-name>Roy</first-name>
    <last-name>Mcdonald</last-name>
    <age>67</age>
    <gender>male</gender>
  </user>
  <user>
    <username>mharper2q</username>
    <password>NSnwz21A</password>
    <first-name>Mary</first-name>
    <last-name>Harper</last-name>
    <age>55</age>
    <gender>male</gender>
  </user>
  <user>
    <username>slewis2r</username>
    <password>OGB0Wf7T1A</password>
    <first-name>Sean</first-name>
    <last-name>Lewis</last-name>
    <age>78</age>
    <gender>male</gender>
  </user>
</users>